MaritalStatus,mean,median,std
Divorced,6786.287461773701,5131.0,4845.647590097633
Married,6793.67161961367,5204.0,4859.686276499126
Single,5889.472340425532,4536.0,4325.571133060357
